institute_name,hostel_available,official_website,boys_hostel,girls_hostel,hostel_source_url,hostel_verification_note
"A.D.PATEL INSTITUTE OF TECH.,KARAMSAD",Yes,,Unknown,Unknown,,Official website URL missing in record
"A.D.Patel Institute Of Tech., Karamsad",Yes,,Unknown,Unknown,,Official website URL missing in record
"A.D.Patel Institute Of Tech.,Karamsad",Yes,,Unknown,Unknown,,Official website URL missing in record
"ADANI UNIVERSITY - FACULTY OF ENGINEERING SCIENCES & TECHNOLOGY (AU-FEST), AHMEDABAD",Yes,,Unknown,Unknown,,Official website URL missing in record
"ADIT, Karamsad",No,,Unknown,Unknown,,Official website URL missing in record
ADITYA SILVER OAK INSTITUTE OF TECHNOLOGY (WITHIN LIMITS OF AHMEDABAD MUNICIPAL CORPORATION) AHMEDABAD,Yes,,Unknown,Unknown,,Official website URL missing in record
"AHMEDABAD INSTITUTE OF TECH, AHMEDABAD",Yes,,Unknown,Unknown,,Official website URL missing in record
"AHMEDABAD UNIVERSITY, AHMEDABAD",Yes,,Unknown,Unknown,,Official website URL missing in record
"AIT, Ahmedabad",No,https://aitindia.in,Unknown,Unknown,https://aitindia.in,No clear hostel evidence found on official website
"ALPHA, Kalol",No,,Unknown,Unknown,,Official website URL missing in record
"AMRUT INSTITUTE, JUNAGADH",Yes,,Unknown,Unknown,,https://www.aij.ind.in/
"AMT I.Sc.Tech, Bardoli",No,,Unknown,Unknown,,Official website URL missing in record
"ANANT SCHOOL FOR CLIMATE ACTION, AHMEDABAD",No,,Unknown,Unknown,,Official website URL missing in record
APOLLO INSTITUTE OF ENGINEERING & TECHNOLOGY AHMEDABAD,Yes,,Unknown,Unknown,,Official website URL missing in record
"ARRDEKTA INST. OF TECHNOLOGY, KHEDBRAHMA, SABARKANTHA",Yes,,Unknown,Unknown,,Official website URL missing in record
"ARUN MUNCHHALA ENGINEERING COLLEGE, AMRELI",Yes,,Unknown,Unknown,,Official website URL missing in record
ASHA M. TARSADIA INSTITUTE OF COMPUTER SCIENCE & TECH. BARDOLI,Yes,,Unknown,Unknown,,Official website URL missing in record
"ASIA School of Engineering, Ahmedabad",Yes,,Unknown,Unknown,,Official website URL missing in record
"ATMIYA UNIVERSITY, FACULTY OF ENGINEERING AND TECHNOLOGY, RAJKOT",Yes,https://atmiyauniversity.ac.in,Unknown,Unknown,https://atmiyauniversity.ac.in,Could not verify automatically from official website
"ATMIYA, Rajkot",No,,Unknown,Unknown,,Official website URL missing in record
"Adani Institute Of Infrastructure Engineering, Ahmedabad",Yes,https://adaniuni.ac.in,Unknown,Unknown,https://adaniuni.ac.in,Could not verify automatically from official website
"Adani, Ahmedabad",No,https://adaniuni.ac.in,Unknown,Unknown,https://adaniuni.ac.in,Could not verify automatically from official website
"Aditya Silver Oak Institute Of Technology (Within Limits Of Ahmedabad Municipal Corporation), Ahmedab",Yes,,Unknown,Unknown,,Official website URL missing in record
"Aditya, Ahmedabad",No,https://silveroakuni.ac.in,Unknown,Unknown,https://silveroakuni.ac.in,Hostel mentioned on official website but gender-specific detail not found
"Agrawal, Navsari",No,,Unknown,Unknown,,Official website URL missing in record
"Ahmedabad Institute Of Tech, Ahmedabad",Yes,https://aitindia.in,Unknown,Unknown,https://aitindia.in,No clear hostel evidence found on official website
"Alpha College Of Engg. & Tech., Khatraj, Kalol",Yes,,Unknown,Unknown,,Official website URL missing in record
"Anant School for Climate Action, Ahmedabad",No,,Unknown,Unknown,,Official website URL missing in record
"Apollo Institute Of Engineering & Technology, Ahmedabad",Yes,,Unknown,Unknown,,Official website URL missing in record
"ApolloET, Ahmedabad",No,,Unknown,Unknown,,Official website URL missing in record
"Arrdekta Inst. Of Technology, Khedbrahma, Sabarkantha",Yes,,Unknown,Unknown,,Official website URL missing in record
"Arrdekta, Khedbrahm",No,,Unknown,Unknown,,Official website URL missing in record
Asha M. Tarsadia Institute of Computer Science & Tech. Bardoli,Yes,,Unknown,Unknown,,Official website URL missing in record
"Asha M. Tarsadia Institute of Computer Science & Tech., Bardoli",Yes,,Unknown,Unknown,,Official website URL missing in record
"Atmiya University, Faculty of Engineering and Technology, Rajkot",Yes,,Unknown,Unknown,,Official website URL missing in record
"B.H.GARDI COLLEGE OF ENGG. & TECHNOLOGY , RAJKOT",Yes,https://www.bhgardi.edu.in,Unknown,Unknown,https://www.bhgardi.edu.in,Could not verify automatically from official website
"B.H.Gardi College Of Engg. & Technology , Rajkot",Yes,https://www.bhgardi.edu.in,Unknown,Unknown,https://www.bhgardi.edu.in,Could not verify automatically from official website
"BAIT, Surat",No,,Unknown,Unknown,,Official website URL missing in record
"BALAJI, Makhiyala",No,,Unknown,Unknown,,Official website URL missing in record
"BHAGWAN ARIHANT INSTITUTE OF TECH., SURAT",Yes,,Unknown,Unknown,,Official website URL missing in record
"BHAGWAN MAHAVIR COLLEGE OF ENGG. AND TECH., SURAT",Yes,,Unknown,Unknown,,Official website URL missing in record
"BHGARDI, Rajkot",No,,Unknown,Unknown,,Official website URL missing in record
"BIRLA VISHVAKARMA MAHA VIDHYALAYA(GIA), V.V.NAGAR",No,,Unknown,Unknown,,Official website URL missing in record
"BIRLA VISHVAKARMA MAHA VIDHYLAYA(SFI), V.V.NAGAR",No,,Unknown,Unknown,,Official website URL missing in record
"BMCET, Surat",No,,Unknown,Unknown,,Official website URL missing in record
"BVM (GIA), VVNagar",No,https://bvmengineering.ac.in,Unknown,Unknown,https://bvmengineering.ac.in,Hostel mentioned on official website but gender-specific detail not found
"BVM (SFI), VVNagar",No,https://bvmengineering.ac.in,Unknown,Unknown,https://bvmengineering.ac.in,Hostel mentioned on official website but gender-specific detail not found
"Bhagwan Arihant Institute of Tech., Surat",Yes,,Unknown,Unknown,,Official website URL missing in record
"Bhagwan Mahavir College Of Engg. And Tech., Surat",Yes,,Unknown,Unknown,,Official website URL missing in record
"Birla Vishvakarma Maha Vidhyalaya (GIA), V.V.Nagar",No,,Unknown,Unknown,,Official website URL missing in record
"Birla Vishvakarma Maha Vidhyalaya(Gia), V.V.Nagar",No,,Unknown,Unknown,,Official website URL missing in record
"Birla Vishvakarma Maha Vidhylaya(Sfi), V.V.Nagar",No,,Unknown,Unknown,,Official website URL missing in record
"C. K. PITHAWALA COLLEGE OF ENGG. & TECH., SURAT",Yes,,Unknown,Unknown,,Official website URL missing in record
"C. K. Pithawala College Of Engg. & Tech., Surat",Yes,https://ckpcet.ac.in,Unknown,Unknown,https://ckpcet.ac.in,Hostel mentioned on official website but gender-specific detail not found
"C.U.SHAH COLLEGE OF ENGG.& TECH.,WADHVAN",Yes,,Unknown,Unknown,,Official website URL missing in record
"C.U.Shah College Of Engg.& Tech.,Wadhvan",Yes,,Unknown,Unknown,,Official website URL missing in record
CENTRAL INSTITUTE OF PETROCHEMICALS ENGINEERING & TECHNOLOGY,Yes,,Unknown,Unknown,,Official website URL missing in record
"CGPIT, Tarsadi",No,https://www.charusat.ac.in,Unknown,Unknown,https://www.charusat.ac.in,Hostel mentioned on official website but gender-specific detail not found
"CHAROTAR UNIVERSITY OF SCIENCE & TECHNOLOGY (CHARUSAT) - CHANDUBHAI S PATEL INSTITUTE OF TECHNOLOGY (CSPIT), CH",Yes,,Unknown,Unknown,,Official website URL missing in record
CHAROTAR UNIVERSITY OF SCIENCE & TECHNOLOGY (CHARUSAT) - DEVANG PATEL INSTITUTE OF ADVANCE TECHNOLOGY AND RES,Yes,,Unknown,Unknown,,Official website URL missing in record
"CHHOTUBHAI GOPALBHAI PATEL INSTITUTE OF TECH., TARSADI, BARDOLI",Yes,,Unknown,Unknown,,Official website URL missing in record
"CIPET, Ahmedabad",No,,Unknown,Unknown,,Official website URL missing in record
"CKPCET, Surat",No,https://ckpcet.ac.in,Unknown,Unknown,https://ckpcet.ac.in,Hostel mentioned on official website but gender-specific detail not found
"CPIT, Changa",No,https://www.charusat.ac.in,Unknown,Unknown,https://www.charusat.ac.in,Hostel mentioned on official website but gender-specific detail not found
"CUSHAH, Wadhvan",No,,Unknown,Unknown,,Official website URL missing in record
Central Institute of Petrochemicals Engineering & Technology,Yes,,Unknown,Unknown,,Official website URL missing in record
"Charotar University Of Science & Technology (Charusat) - Chandubhai S Patel Institute Of Technology (CSPIT), Changa",Yes,,Unknown,Unknown,,Official website URL missing in record
"Charotar University of Science & Technology (CHARUSAT) - Chandubhai S Patel Institute Of Technology (CSPIT), Changa",Yes,https://www.charusat.ac.in,Unknown,Unknown,https://www.charusat.ac.in,Hostel mentioned on official website but gender-specific detail not found
Charotar University of Science & Technology (CHARUSAT) - Devang Patel Institute of Advance Technology And Research,Yes,,Unknown,Unknown,,Official website URL missing in record
"Charotar University of Science & Technology (CHARUSAT) - Devang Patel Institute of Advance Technology And Research (DEPSTAR), Changa",Yes,https://www.charusat.ac.in,Unknown,Unknown,https://www.charusat.ac.in,Hostel mentioned on official website but gender-specific detail not found
"Charusat (DEPSTAR), Changa",No,,Unknown,Unknown,,Official website URL missing in record
"Charusat(CSPIT), Changa",No,,Unknown,Unknown,,Official website URL missing in record
"Chhotubhai Gopalbhai Patel Institute Of Tech., Tarsadi, Bardoli",Yes,,Unknown,Unknown,,Official website URL missing in record
"D. A. DEGREE ENGINEERING AND TECHNOLOGY, MAHEMDABAD, KHEDA",Yes,,Unknown,Unknown,,Official website URL missing in record
"D. A. Degree Engineering and Technology, Mahemdabad, Kheda",Yes,,Unknown,Unknown,,Official website URL missing in record
"DADET, Khatraj",No,,Unknown,Unknown,,Official website URL missing in record
"DALIA INSTITUTE OF TECHNOLOGY, KANERA",Yes,,Unknown,Unknown,,Official website URL missing in record
"DARSHAN INSTITUTE OF ENGG. & TECH., RAJKOT-MORBI HIGHWAY, HADALA",Yes,,Unknown,Unknown,,Official website URL missing in record
"DDU (GIA), Nadiad",No,https://www.ddu.ac.in,Unknown,Unknown,https://www.ddu.ac.in,No clear hostel evidence found on official website
"DDU (SFI), Nadiad",No,https://www.ddu.ac.in,Unknown,Unknown,https://www.ddu.ac.in,No clear hostel evidence found on official website
"DHIRUBHAI AMBANI INSTITUTE OF INFO. & COMM. TECH., GANDHINAGAR",Yes,,Unknown,Unknown,,Official website URL missing in record
"DPIATR, Changa",No,https://www.charusat.ac.in,Unknown,Unknown,https://www.charusat.ac.in,Hostel mentioned on official website but gender-specific detail not found
"DR. JIVRAJ MEHTA INSTITUTE OF TECHNOLOGY, ANAND",Yes,,Unknown,Unknown,,Official website URL missing in record
DR. S & S.S.GHANDHI GOVERNMENT ENGINEERING COLLEGE SURAT,Yes,,Unknown,Unknown,,Official website URL missing in record
DR. S & S.S.Ghandhi Government Engineering College Surat,Yes,,Unknown,Unknown,,Official website URL missing in record
"DR. S & S.S.Ghandhi Government Engineering College, Surat",Yes,,Unknown,Unknown,,Official website URL missing in record
"DR. SUBHASH UNIVERSITY, SCHOOL OF ENGINEERING & TECHNOLOGY, JUNAGADH",Yes,,Unknown,Unknown,,Official website URL missing in record
"DR. V.R. GODHANIA COLLEGE OF ENGG. & TECH., PORBANDAR",Yes,,Unknown,Unknown,,Official website URL missing in record
"Darshan Institute Of Engg. & Tech., Rajkot-Morbi Highway, Hadala",Yes,https://darshan.ac.in,Unknown,Unknown,https://darshan.ac.in,Hostel mentioned on official website but gender-specific detail not found
"Darshan, Rajkot",No,https://darshan.ac.in,Unknown,Unknown,https://darshan.ac.in,Hostel mentioned on official website but gender-specific detail not found
"Dhanvantary, KIM",No,,Unknown,Unknown,,Official website URL missing in record
"Dhirubhai Ambani Institute of Info. & Comm. Tech., Gandhinagar",Yes,,Unknown,Unknown,,Official website URL missing in record
"Dr. Jivraj Mehta Institute Of Technology, Anand",Yes,,Unknown,Unknown,,Official website URL missing in record
"Dr. Subhahsh Technical Campus, Junagadh",No,,Unknown,Unknown,,Official website URL missing in record
"Dr. Subhash University, School of Engineering & Technology, Junagadh",Yes,,Unknown,Unknown,,Official website URL missing in record
"Dr. V.R. Godhania College of Engg. & Tech., Porbandar",Yes,,Unknown,Unknown,,Official website URL missing in record
"EC, Tuwa",No,,Unknown,Unknown,,Official website URL missing in record
"ENGGINERING COLLEGE, TUWA, GODHARA",Yes,,Unknown,Unknown,,Official website URL missing in record
"Engginering College, Tuwa, Godhara",Yes,,Unknown,Unknown,,Official website URL missing in record
"Engineering-Gujarati Gyanmanjari Institute Of Technology, Bhavnagar",Yes,,Unknown,Unknown,,Official website URL missing in record
"FACULTY OF ENGINEERING & TECHNOLOGY- GLS UNIVERSITY, AHMEDABAD",Yes,,Unknown,Unknown,,Official website URL missing in record
"FACULTY OF ENGINEERING & TECHNOLOGY- SIGMA UNIVERSITY, BAKROL, VADODARA",Yes,,Unknown,Unknown,,Official website URL missing in record
"FACULTY OF TECHNOLOGY & ENGINEERING(MSU) (SFI), VADODARA",Yes,,Unknown,Unknown,,Official website URL missing in record
"FACULTY OF TECHNOLOGY & ENGINEERING(MSU), VADODARA",Yes,,Unknown,Unknown,,Official website URL missing in record
"FACULTY OF TECHNOLOGY AND ENGINEERING(GIA), DHARMSINH DESAI UNIVERSITY, (DDU), NADIAD",Yes,,Unknown,Unknown,,Official website URL missing in record
"FACULTY OF TECHNOLOGY(SFI), DHARMSINH DESAI UNIVERSITY, NADIAD",Yes,,Unknown,Unknown,,Official website URL missing in record
"FACULTY OF TECHNOLOGY, CEPT UNIVERSITY, AHMEDABAD",Yes,,Unknown,Unknown,,Official website URL missing in record
"FOET-GLS, Ahmedabad",No,,Unknown,Unknown,,Official website URL missing in record
"Faculty Of Technology & Engineering (MSU), Vadodara",Yes,,Unknown,Unknown,,Official website URL missing in record
"Faculty Of Technology & Engineering(MSU), Vadodara",Yes,,Unknown,Unknown,,Official website URL missing in record
"Faculty Of Technology (SFI), Dharmsinh Desai University, Nadiad",Yes,,Unknown,Unknown,,Official website URL missing in record
"Faculty Of Technology And Engineering (GIA), Dharmsinh Desai University, (DDU), Nadiad",Yes,,Unknown,Unknown,,Official website URL missing in record
"Faculty Of Technology And Engineering(GIA), Dharmsinh Desai University, (DDU), Nadiad",Yes,,Unknown,Unknown,,Official website URL missing in record
"Faculty Of Technology(Sfi), Dharmsinh Desai University, Nadiad",Yes,,Unknown,Unknown,,Official website URL missing in record
"Faculty of Engineering & Technology- GLS University, Ahmedabad",Yes,https://www.glsuniversity.ac.in,Unknown,Unknown,https://www.glsuniversity.ac.in,No clear hostel evidence found on official website
"Faculty of Engineering & Technology- Sigma University, Bakrol, Vadodara",Yes,https://sigmauniversity.ac.in,Unknown,Unknown,https://sigmauniversity.ac.in,Hostel mentioned on official website but gender-specific detail not found
"Faculty of Technology, CEPT University, Ahmedabad",Yes,https://cept.ac.in,Unknown,Unknown,https://cept.ac.in,No clear hostel evidence found on official website
"G.H.PATEL COLLEGE OF ENGG. & TECH. , V. V. NAGAR",Yes,https://gcet.ac.in,Unknown,Unknown,https://gcet.ac.in,Hostel mentioned on official website but gender-specific detail not found
"G.H.Patel College Of Engg. & Tech. , V. V. Nagar",Yes,https://gcet.ac.in,Unknown,Unknown,https://gcet.ac.in,Hostel mentioned on official website but gender-specific detail not found
"GANDHINAGAR INSTITUTE OF TECHNOLOGY, MOTI BHOYAN, KALOL, GANDHINAGAR",Yes,,Unknown,Unknown,,Official website URL missing in record
"GANPAT UNIVERSITY, INSTITUTE OF COMPUTER TECH., KHERVA, MEHSANA",Yes,,Unknown,Unknown,,Official website URL missing in record
"GANPAT UNIVERSITY, U.V.PATEL COLLEGE OF ENGINEERING, KHERVA, MEHSANA",Yes,,Unknown,Unknown,,Official website URL missing in record
"GCET, VVNagar",No,,Unknown,Unknown,,Official website URL missing in record
"GEC, Bharuch",No,https://gecbh.ac.in,Unknown,Unknown,https://gecbh.ac.in,Hostel mentioned on official website but gender-specific detail not found
"GEC, Bhavnagar",No,https://gecbhavnagar.ac.in,Unknown,Unknown,https://gecbhavnagar.ac.in,No clear hostel evidence found on official website
"GEC, Bhuj",No,https://gecbhuj.ac.in,Unknown,Unknown,https://gecbhuj.ac.in,No clear hostel evidence found on official website
"GEC, Dahod",No,https://gecdahod.ac.in,Unknown,Unknown,https://gecdahod.ac.in,Hostel mentioned on official website but gender-specific detail not found
"GEC, Gandhinagar",No,https://gecg28.ac.in/,Unknown,Unknown,https://gecg28.ac.in/,Could not verify automatically from official website
"GEC, Godhra",No,https://gecgodhra.ac.in,Unknown,Unknown,https://gecgodhra.ac.in,Could not verify automatically from official website
"GEC, Modasa",No,https://gecmodasa.ac.in,Yes,Yes,https://gecmodasa.ac.in,Verified from official website content
"GEC, Palanpur",No,https://gecpalanpur.ac.in,Unknown,Unknown,https://gecpalanpur.ac.in,Hostel mentioned on official website but gender-specific detail not found
"GEC, Patan",No,https://gecpatan.ac.in,Unknown,Unknown,https://gecpatan.ac.in,No clear hostel evidence found on official website
"GEC, Rajkot",No,https://gecrajkot.ac.in,Unknown,Unknown,https://gecrajkot.ac.in,Hostel mentioned on official website but gender-specific detail not found
"GEC, Surat",No,https://gecsurat.gujarat.gov.in,Unknown,Unknown,https://gecsurat.gujarat.gov.in,Could not verify automatically from official website
"GEC, Valsad",No,https://gecvalsad.ac.in,Unknown,Unknown,https://gecvalsad.ac.in,Could not verify automatically from official website
"GIDC DEGREE ENGINEERING COLLEGE, ABRAMA, NAVSARI",Yes,,Unknown,Unknown,,Official website URL missing in record
"GIDC Degree Engineering College, Abrama, Navsari",Yes,,Unknown,Unknown,,Official website URL missing in record
"GIDC Degree Engineering College, Abrama, Navsari (PPP)",Yes,,Unknown,Unknown,,Official website URL missing in record
"GIDCDEC, Navsari",No,,Unknown,Unknown,,Official website URL missing in record
"GIT, Gandhinagar",No,https://git.org.in,Unknown,Unknown,https://git.org.in,Could not verify automatically from official website
"GOVERNMENT ENGINEERING COLLEGE, BHARUCH",Yes,,Unknown,Unknown,,Official website URL missing in record
"GOVERNMENT ENGINEERING COLLEGE, BHAVNAGAR",Yes,,Unknown,Unknown,,Official website URL missing in record
"GOVERNMENT ENGINEERING COLLEGE, BHUJ",Yes,,Unknown,Unknown,,Official website URL missing in record
"GOVERNMENT ENGINEERING COLLEGE, DAHOD",Yes,,Unknown,Unknown,,Official website URL missing in record
"GOVERNMENT ENGINEERING COLLEGE, GODHRA",Yes,,Unknown,Unknown,,Official website URL missing in record
"GOVERNMENT ENGINEERING COLLEGE, MODASA",Yes,,Unknown,Unknown,,Official website URL missing in record
"GOVERNMENT ENGINEERING COLLEGE, PALANPUR",Yes,,Unknown,Unknown,,Official website URL missing in record
"GOVERNMENT ENGINEERING COLLEGE, PATAN",Yes,,Unknown,Unknown,,Official website URL missing in record
"GOVERNMENT ENGINEERING COLLEGE, RAJKOT",Yes,,Unknown,Unknown,,Official website URL missing in record
"GOVERNMENT ENGINEERING COLLEGE, VALSAD",Yes,,Unknown,Unknown,,Official website URL missing in record
"GPERI, Mevad",No,,Unknown,Unknown,,Official website URL missing in record
"GROW MORE FACULTY OF ENGINEERING, BERNA, HIMMATNAGAR",Yes,,Unknown,Unknown,,Official website URL missing in record
"GSFCU, Vadodara",No,,Unknown,Unknown,,Official website URL missing in record
"GTU-SOEAT, Ahmedabad",No,,Unknown,Unknown,,Official website URL missing in record
"GUJARAT POWER ENGG. AND RES. INST. (GPERI) (PPP), MEVAD, MEHSANA",No,,Unknown,Unknown,,Official website URL missing in record
"GUJARAT TECHNOLOGICAL UNIVERSITY SCHOOL OF ENGINEERING AND TECHNOLOGY, CHANDKHEDA, AHMEDABAD",Yes,,Unknown,Unknown,,Official website URL missing in record
GYANMANJARI INSTITUTE OF TECHNOLOGY BHAVNAGAR,Yes,,Unknown,Unknown,,Official website URL missing in record
GYANMANJARI INSTITUTE OF TECHNOLOGY Bhavnagar,Yes,,Unknown,Unknown,,Official website URL missing in record
"Gandhinagar Institute Of Technology, Moti Bhoyan, Kalol, Gandhinagar",Yes,,Unknown,Unknown,,Official website URL missing in record
"Ganpat Uni. ICT, Mehsana",No,https://ganpatuniversity.ac.in,Unknown,Unknown,https://ganpatuniversity.ac.in,Hostel mentioned on official website but gender-specific detail not found
"Ganpat Uni. UVPCE, Mehsana",No,https://ganpatuniversity.ac.in,Unknown,Unknown,https://ganpatuniversity.ac.in,Hostel mentioned on official website but gender-specific detail not found
"Ganpat University, Institute of Computer Tech., Kherva, Mehsana",Yes,,Unknown,Unknown,,Official website URL missing in record
"Ganpat University, U.V.Patel College of Engineering, Kherva, Mehsana",Yes,,Unknown,Unknown,,Official website URL missing in record
"Government Engineering College, Bharuch",Yes,,Unknown,Unknown,,Official website URL missing in record
"Government Engineering College, Bhavnagar",Yes,,Unknown,Unknown,,Official website URL missing in record
"Government Engineering College, Bhuj",Yes,,Unknown,Unknown,,Official website URL missing in record
"Government Engineering College, Dahod",Yes,,Unknown,Unknown,,Official website URL missing in record
"Government Engineering College, Godhra",Yes,,Unknown,Unknown,,Official website URL missing in record
"Government Engineering College, Modasa",Yes,,Unknown,Unknown,,Official website URL missing in record
"Government Engineering College, Palanpur",Yes,,Unknown,Unknown,,Official website URL missing in record
"Government Engineering College, Patan",Yes,,Unknown,Unknown,,Official website URL missing in record
"Government Engineering College, Rajkot",Yes,,Unknown,Unknown,,Official website URL missing in record
"Government Engineering College, Valsad",Yes,,Unknown,Unknown,,Official website URL missing in record
"Graduate School of Engineering and Technology, GTU, Ahmedabad",Yes,,Unknown,Unknown,,Official website URL missing in record
"Grow More Faculty of Engineering, Berna, Himmatnagar",Yes,,Unknown,Unknown,,Official website URL missing in record
"GrowMore, Berna",No,,Unknown,Unknown,,Official website URL missing in record
"Gujarat Power Engg. And Res. Inst. (GPERI) , Mevad, Mehsana",No,,Unknown,Unknown,,Official website URL missing in record
"Gujarat Power Engg. And Res. Inst. (Gperi) (Ppp), Mevad, Mehsana",No,,Unknown,Unknown,,Official website URL missing in record
"Gyanmanjari, Bhavnagar",No,,Unknown,Unknown,,Official website URL missing in record
"HANSABA COLLEGE OF ENGIEERING AND TECHNOLOGY, SIDDHPUR",Yes,,Unknown,Unknown,,Official website URL missing in record
"HASMUKH GOSWAMI COLLEGE OF ENGG, VAHELAL",Yes,,Unknown,Unknown,,Official website URL missing in record
HGCE-Ahmedabad,No,,Unknown,Unknown,,Official website URL missing in record
"HJD INSTITUTE OF TECHNICAL EDUCATION AND RESERCH, KERA",Yes,,Unknown,Unknown,,Official website URL missing in record
"HJD, Kera",No,,Unknown,Unknown,,Official website URL missing in record
"Hansaba College Of Engieering And Technology, Siddhpur",Yes,,Unknown,Unknown,,Official website URL missing in record
"Hansaba, Patan",No,,Unknown,Unknown,,Official website URL missing in record
"Hasmukh Goswami College Of Engg, Vahelal",Yes,,Unknown,Unknown,,Official website URL missing in record
"IAR, Gandhinagar",No,https://iar.ac.in,Unknown,Unknown,https://iar.ac.in,Could not verify automatically from official website
"IIET, Dharmaj",No,,Unknown,Unknown,,Official website URL missing in record
"INDUS INSTITUTE OF TECH. & ENGG., RACHARDA, AHMEDABAD",Yes,,Unknown,Unknown,,Official website URL missing in record
"INSTITUTE OF ADVANCED RESEARCH, GANDHINAGAR",Yes,,Unknown,Unknown,,Official website URL missing in record
"INSTITUTE OF INFRASTRUCTURE,TECHNOLOGY,RESEARCH AND MANAGEMENT(IITRAM),AHMEDABAD",Yes,,Unknown,Unknown,,Official website URL missing in record
"INSTITUTE OF TECHNOLOGY, NIRMA UNIVERSITY OF SCIENCE & TECHNOLOGY, AHMEDABAD",Yes,,Unknown,Unknown,,Official website URL missing in record
IPCOWALA INSTITUTE OF ENGINEERING AND TECHNOLOGY DHARMAJ,Yes,,Unknown,Unknown,,Official website URL missing in record
"ITM (SLS) BARODA UNIVERSITY (FORMERLY KNOWN AS ITM UNIVERSE), VADODARA",Yes,,Unknown,Unknown,,Official website URL missing in record
"ITM (SLS) Baroda University (Formerly Known as ITM Universe), Vadodara",Yes,,Unknown,Unknown,,Official website URL missing in record
"ITM (SLS) Universe, Vadodara",No,,Unknown,Unknown,,Official website URL missing in record
"ITM VOCATIONAL UNIVERSITY, WAGHODIA, DIST: VADODARA",Yes,,Unknown,Unknown,,Official website URL missing in record
"ITM Voca, Vadodara",No,,Unknown,Unknown,,Official website URL missing in record
"ITM Vocational University, Waghodia, Dist: Vadodara",Yes,,Unknown,Unknown,,Official website URL missing in record
"ITM-SLS, Vadodara",No,,Unknown,Unknown,,Official website URL missing in record
"Indrashil, Kadi",No,,Unknown,Unknown,,Official website URL missing in record
"Indus Institute Of Tech. & Engg., Racharda, Ahmedabad",Yes,,Unknown,Unknown,,Official website URL missing in record
"Indus Uni., Ahmedabad",No,https://indusuni.ac.in,Unknown,Unknown,https://indusuni.ac.in,No clear hostel evidence found on official website
"Institute Of Technology, Nirma University Of Science & Technology, Ahmedabad",Yes,https://nirmauni.ac.in,Unknown,Unknown,https://nirmauni.ac.in,Could not verify automatically from official website
"Institute of Infrastructure,Technology,Research and Management(IITRAM),Ahmedabad",Yes,https://www.iitram.ac.in,Unknown,Unknown,https://www.iitram.ac.in,Could not verify automatically from official website
Ipcowala Institute Of Engineering And Technology Dharmaj,Yes,,Unknown,Unknown,,Official website URL missing in record
"Ipcowala, Dharmaj",No,,Unknown,Unknown,,Official website URL missing in record
"JG UNIVERSITY - SCHOOL OF ENGINEERING, AHMEDABAD",Yes,,Unknown,Unknown,,Official website URL missing in record
"JG University, Ahmedabad",Yes,,Unknown,Unknown,,Official website URL missing in record
"JMSabva, Botad",No,,Unknown,Unknown,,Official website URL missing in record
"JivrajMehta,Anand",No,,Unknown,Unknown,,Official website URL missing in record
"K.J. INSTITUTE OF ENGG. AND TECH., SAVALI",Yes,,Unknown,Unknown,,Official website URL missing in record
"K.J. Institute Of Engg. And Tech., Savali",Yes,,Unknown,Unknown,,Official website URL missing in record
"KALOL INSTITUTE OF TECH. & RESEARCH CENTER ,KALOL",Yes,,Unknown,Unknown,,Official website URL missing in record
"KANKESHWARI DEVI COLLEGE OF ENGINEERING, JAMNAGAR",Yes,,Unknown,Unknown,,Official website URL missing in record
"KIT, Jamnagar",No,,Unknown,Unknown,,Official website URL missing in record
"KITRC, Kalol",No,,Unknown,Unknown,,Official website URL missing in record
"KJIET, Savali",No,,Unknown,Unknown,,Official website URL missing in record
KRISHNA SCHOOL OF EMERGING TECHNOLOGY & APPLIED RESEARCH (FORMERLY KNOWN AS BABARIA INSTITUTE OF TECHNOLOGY),Yes,,Unknown,Unknown,,Official website URL missing in record
"KRISHNA SCHOOL OF TECHNOLOGY, VARNAMA, VADODARA",Yes,,Unknown,Unknown,,Official website URL missing in record
"Kalol Institute Of Tech. & Research Center ,Kalol",Yes,,Unknown,Unknown,,Official website URL missing in record
"Kalol Institute Of Tech. & Research Center, Kalol",Yes,,Unknown,Unknown,,Official website URL missing in record
"Kankeshwari Devi College of Engineering, Jamnagar",Yes,,Unknown,Unknown,,Official website URL missing in record
"Krishna (BIT), Vadodara",No,,Unknown,Unknown,,Official website URL missing in record
"Krishna School of Emerging Technology & Applied Research (Formerly Known as BIT) , Varnama, Vadodara",Yes,,Unknown,Unknown,,Official website URL missing in record
"Krishna School of Emerging Technology & Applied Research (Formerly Known as Babaria Institute Of Technology) , Varnama, Vadodara",Yes,,Unknown,Unknown,,Official website URL missing in record
"Krishna School of Technology, Varnama, Vadodara",Yes,,Unknown,Unknown,,Official website URL missing in record
"Krishna, Varnama, Vadodara",No,,Unknown,Unknown,,Official website URL missing in record
"Krishna-KSET, Vadodara",No,,Unknown,Unknown,,Official website URL missing in record
"L.D.COLLEGE OF ENGINEERING, AHMEDABAD",Yes,https://ldce.ac.in,Unknown,Unknown,https://ldce.ac.in,Hostel mentioned on official website but gender-specific detail not found
"L.D.College Of Engineering, Ahmedabad",Yes,https://ldce.ac.in,Unknown,Unknown,https://ldce.ac.in,Hostel mentioned on official website but gender-specific detail not found
"L.D.R.P. INSTITUTE OF TECH. & RESEARCH., GANDHINAGAR",Yes,,Unknown,Unknown,,Official website URL missing in record
"L.D.R.P. Institute Of Tech. & Research., Gandhinagar",Yes,,Unknown,Unknown,,Official website URL missing in record
"L.E.COLLEGE ,MORBI",Yes,,Unknown,Unknown,,Official website URL missing in record
"L.E.College ,Morbi",Yes,,Unknown,Unknown,,Official website URL missing in record
"L.E.College, Morbi",Yes,,Unknown,Unknown,,Official website URL missing in record
"L.J. INSTITUTE OF ENGG AND TECH., AHMEDABAD",Yes,,Unknown,Unknown,,Official website URL missing in record
"L.J. Institute Of Engg And Tech., Ahmedabad",Yes,,Unknown,Unknown,,Official website URL missing in record
"LALJIBHAI CHATURBHAI INSTITUTE OF TECH., BHANDU, MAHESANA",Yes,,Unknown,Unknown,,Official website URL missing in record
"LAXMI INSTITUTE OF TECHNOLOGY, SARIGAM, VALSAD",Yes,,Unknown,Unknown,,Official website URL missing in record
"LCIT, Bhandu",No,,Unknown,Unknown,,Official website URL missing in record
"LDCE, Ahmedabad",No,https://ldce.ac.in,Unknown,Unknown,https://ldce.ac.in,Hostel mentioned on official website but gender-specific detail not found
"LDRP, GNAGAR",No,,Unknown,Unknown,,Official website URL missing in record
"LEC, MORBI",No,,Unknown,Unknown,,Official website URL missing in record
"LJIET, Ahmedabad",No,https://www.ljiet.ac.in,Unknown,Unknown,https://www.ljiet.ac.in,Could not verify automatically from official website
"LTIET, Rajkot",No,,Unknown,Unknown,,Official website URL missing in record
"Laljibhai Chaturbhai Institute Of Tech., Bhandu, Mahesana",Yes,,Unknown,Unknown,,Official website URL missing in record
"Laxmi Institute Of Technology, Sarigam, Valsad",Yes,,Unknown,Unknown,,Official website URL missing in record
"Laxmi, Valsad",No,,Unknown,Unknown,,Official website URL missing in record
"MADHUBEN & BHANUBHAI PATEL INSTITUTE OF TECHNOLOGY, NEW V.V.NAGAR",Yes,,Unknown,Unknown,,Official website URL missing in record
"MAHATMA GANDHI INSTITUTE OF TECHNICAL EDUCATION & RESEARCH CENTRE, NAVSARI",Yes,,Unknown,Unknown,,Official website URL missing in record
"MAHAVIR SWAMI COLLEGE OF ENGINEERING & TECHNOLOGY, BHARTHANA-VESU, SURAT",Yes,,Unknown,Unknown,,Official website URL missing in record
"MARWADI EDUCATION FOUNDATION'S GROUP OF INSTITUTIONS - FACULTY OF ENGINEERING & TECHNOLOGY, RAJKOT",Yes,,Unknown,Unknown,,Official website URL missing in record
"MBPIT, VVNagar",No,,Unknown,Unknown,,Official website URL missing in record
"MEC, BESNA",No,,Unknown,Unknown,,Official website URL missing in record
"MEFGI-FOE, Rajkot",No,,Unknown,Unknown,,Official website URL missing in record
"MEFGI-FOT, Rajkot",No,,Unknown,Unknown,,Official website URL missing in record
"MERCHANT ENGG. COLLEGE, BASNA. VISNAGAR",Yes,,Unknown,Unknown,,Official website URL missing in record
"MGIT, Navsari",No,,Unknown,Unknown,,Official website URL missing in record
"MSCET, Vesu",No,,Unknown,Unknown,,Official website URL missing in record
"MSU (GIA), Vadodara",No,https://msubaroda.ac.in,Unknown,Unknown,https://msubaroda.ac.in,No clear hostel evidence found on official website
"Madhuben & Bhanubhai Patel Institute of Technology, New V.V.Nagar",Yes,,Unknown,Unknown,,Official website URL missing in record
"Mahavir Swami College Of Engineering & Technology, Bharthana-Vesu, Surat",Yes,,Unknown,Unknown,,Official website URL missing in record
"Marwadi Edu. Foundation Group Of Institutions, Faculty Of Engg., Rajkot",No,,Unknown,Unknown,,Official website URL missing in record
"Marwadi Edu. Foundation Group Of Institutions, Faculty Of Tech., Rajkot",No,,Unknown,Unknown,,Official website URL missing in record
"Marwadi Education Foundation's Group of Institutions - Faculty of Engineering & Technology, Rajkot",Yes,,Unknown,Unknown,,Official website URL missing in record
"Merchant Engg. College, Basna. Visnagar",Yes,,Unknown,Unknown,,Official website URL missing in record
"NARNARAYAN SHASTRI INSTITUTE OF TECHNOLOGY, JETALPUR, AHMEDABAD",Yes,,Unknown,Unknown,,Official website URL missing in record
"NEOTECH INSTITUTE OF TECHNOLOGY, VIROD, VADODARA",Yes,,Unknown,Unknown,,Official website URL missing in record
"NEW L. J. INSTITUTE OF ENGINEERING AND TECHNOLOGY, AHMEDABAD",Yes,,Unknown,Unknown,,Official website URL missing in record
"NLJIET, Ahmedabad",No,,Unknown,Unknown,,Official website URL missing in record
"NOBLE ENGINEERING COLLEGE, JUNAGADH",Yes,,Unknown,Unknown,,Official website URL missing in record
"NSIT, Jetalpur",No,,Unknown,Unknown,,Official website URL missing in record
"Narnarayan Shastri Institute of Technology, Jetalpur, Ahmedabad",Yes,,Unknown,Unknown,,Official website URL missing in record
"Navrachana, Vadodara",No,,Unknown,Unknown,,Official website URL missing in record
"Neotech Institute of Technology, Virod, Vadodara",Yes,,Unknown,Unknown,,Official website URL missing in record
"Neotech, Vadodara",No,,Unknown,Unknown,,Official website URL missing in record
"New L. J. Institute Of Engineering And Technology, Ahmedabad",Yes,,Unknown,Unknown,,Official website URL missing in record
"New LJ, Ahmedabad",No,,Unknown,Unknown,,Official website URL missing in record
"Nirma Uni, Ahmedabad",No,https://nirmauni.ac.in,Unknown,Unknown,https://nirmauni.ac.in,Could not verify automatically from official website
"Noble Engineering College, Junagadh",Yes,,Unknown,Unknown,,Official website URL missing in record
"Noble Star Engineering College, Makhiyala, Junagadh",Yes,,Unknown,Unknown,,Official website URL missing in record
"Noble, Junagadh",No,,Unknown,Unknown,,Official website URL missing in record
OM ENGINEERING COLLEGE JUNAGADH,Yes,,Unknown,Unknown,,Official website URL missing in record
"OMEC, Junagadh",No,,Unknown,Unknown,,Official website URL missing in record
"OMIT, Shahera",No,,Unknown,Unknown,,Official website URL missing in record
Om Engineering College Junagadh,Yes,,Unknown,Unknown,,Official website URL missing in record
"Om Engineering College, Junagadh",Yes,,Unknown,Unknown,,Official website URL missing in record
"Om Institute Of Technology, Shahera, Dist:Panchmahal",Yes,,Unknown,Unknown,,Official website URL missing in record
"P.P. SAVANI SCHOOL OF ENGINEERING, P.P. SAVANI UNIVERSITY, KOSAMBA",Yes,,Unknown,Unknown,,Official website URL missing in record
"P.P. Savani School of Engineering, P.P. Savani University, Kosamba",Yes,https://www.ppsavani.ac.in,Unknown,Unknown,https://www.ppsavani.ac.in,Could not verify automatically from official website
"PACIFIC SCHOOL OF ENGINEERING, SURAT",Yes,,Unknown,Unknown,,Official website URL missing in record
"PANDIT DEENDAYAL ENERGY UNIVERSITY ,GANDHINAGAR",Yes,,Unknown,Unknown,,Official website URL missing in record
"PARUL INSTITUTE OF ENGINEERING & TECHNOLOGY, WAGHODIA, VADODARA",Yes,,Unknown,Unknown,,Official website URL missing in record
"PARUL INSTITUTE OF TECHNOLOGY, WAGHODIA, VADODARA",Yes,,Unknown,Unknown,,Official website URL missing in record
"PDEU, Raisan",No,https://www.pdeu.ac.in,Unknown,Unknown,https://www.pdeu.ac.in,Hostel mentioned on official website but gender-specific detail not found
"PIET, Waghodia",No,,Unknown,Unknown,,Official website URL missing in record
"PIT, Waghodia",No,,Unknown,Unknown,,Official website URL missing in record
"PNVYAS Tech., Surendranaga",No,,Unknown,Unknown,,Official website URL missing in record
"PNVYAS Tech., Surendranagar",No,,Unknown,Unknown,,Official website URL missing in record
"PPSSE, PPS Uni., Kosamba",No,,Unknown,Unknown,,Official website URL missing in record
"PRIME INSTITUTE OF ENGINEERING AND TECHNOLOGY, JALALPORE, NAVSARI",Yes,,Unknown,Unknown,,Official website URL missing in record
"Pacific School Of Engineering, Surat",Yes,,Unknown,Unknown,,Official website URL missing in record
"Pacific, Surat",No,,Unknown,Unknown,,Official website URL missing in record
"Pandit Deendayal Energy University ,Gandhinagar",Yes,,Unknown,Unknown,,Official website URL missing in record
"Pandit Deendayal Energy University, Gandhinagar",Yes,,Unknown,Unknown,,Official website URL missing in record
"ParekhEnggCol., Mahuva",No,,Unknown,Unknown,,Official website URL missing in record
"Parul Institute of Engineering & Technology, Waghodia, Vadodara",Yes,https://paruluniversity.ac.in,Unknown,Unknown,https://paruluniversity.ac.in,Hostel mentioned on official website but gender-specific detail not found
"Parul Institute of Technology, Waghodia, Vadodara",Yes,https://paruluniversity.ac.in,Unknown,Unknown,https://paruluniversity.ac.in,Hostel mentioned on official website but gender-specific detail not found
"Prime Institute of Engineering and Technology, Jalalpore, Navsari",Yes,,Unknown,Unknown,,Official website URL missing in record
"PrimeIET, Navsari",No,,Unknown,Unknown,,Official website URL missing in record
"R.K. UNIVERSITY - SCHOOL OF ENGINEERING, RAJKOT",Yes,,Unknown,Unknown,,Official website URL missing in record
"R.K. University - School of Engineering, Rajkot",Yes,,Unknown,Unknown,,Official website URL missing in record
"R.N.G. PATEL INSTITUTE OF TECHNOLOGY-RNGPIT (FETR), BARDOLI",Yes,,Unknown,Unknown,,Official website URL missing in record
"R.N.G. Patel Institute of Technology-RNGPIT (FETR), Bardoli",Yes,,Unknown,Unknown,,Official website URL missing in record
"RAI SCHOOL OF ENGINEERING, DHOLKA, AHMEDABAD",Yes,,Unknown,Unknown,,Official website URL missing in record
"RK Uni., Rajkot",No,,Unknown,Unknown,,Official website URL missing in record
"RNGPIT, Isroli",No,,Unknown,Unknown,,Official website URL missing in record
"Rai School of Engineering, Dholka, Ahmedabad",Yes,,Unknown,Unknown,,Official website URL missing in record
"S.P.B. PATEL ENGG. COLLEGE, (SAFFRONY), LINCH, MEHSANA",Yes,,Unknown,Unknown,,Official website URL missing in record
"S.P.B. Patel Engg. College, (Saffrony), Linch, Mehsana",Yes,,Unknown,Unknown,,Official website URL missing in record
S.S.AGRAWAL INSTITUTE OF ENGINEERING & TECHNOLOGY NAVSARI,Yes,,Unknown,Unknown,,Official website URL missing in record
"SAL COLLEGE OF ENGINEERING , AHMEDABAD",Yes,,Unknown,Unknown,,Official website URL missing in record
"SAL ENGINEERING &TECHNICAL INSTITUTE, SOLA, AHMEDABAD",Yes,,Unknown,Unknown,,Official website URL missing in record
"SAL INSTITUTE OF TECH. & ENGG. RESEARCH, AHMEDABAD",Yes,,Unknown,Unknown,,Official website URL missing in record
"SALCE, Ahmedabad",No,,Unknown,Unknown,,Official website URL missing in record
"SALITER, Ahmedabad",No,,Unknown,Unknown,,Official website URL missing in record
"SANJAYBHAI RAJGURU COLLEGE OF ENGG. , RAJKOT",Yes,,Unknown,Unknown,,Official website URL missing in record
"SANKALCHAND  PATEL COLLEGE OF  ENGG.,  VISNAGAR",Yes,,Unknown,Unknown,,Official website URL missing in record
"SARDAR PATEL COLLEGE OF ENGINEERING, BAKROL ANAND",Yes,,Unknown,Unknown,,Official website URL missing in record
"SARDAR VALLABHBHAI GLOBAL University - UCP Institute of Technology, Ahmedabad",Yes,,Unknown,Unknown,,Official website URL missing in record
"SARDAR VALLABHBHAI PATEL INSTITUTE OF TECH.,VASAD",Yes,,Unknown,Unknown,,Official website URL missing in record
"SARVAJANIK COLLEGE OF ENGG. & TECH. , SURAT",Yes,,Unknown,Unknown,,Official website URL missing in record
"SCET, Kalol",No,,Unknown,Unknown,,Official website URL missing in record
"SCET, Surat",No,,Unknown,Unknown,,Official website URL missing in record
"SCHOOL OF ENGINEERING AND TECHNOLOGY, NAVRACHANA UNIVERSITY, VADODARA",Yes,,Unknown,Unknown,,Official website URL missing in record
"SCHOOL OF ENGINEERING, INDRASHIL UNIVERSITY, KADI",Yes,,Unknown,Unknown,,Official website URL missing in record
"SCHOOL OF SCIENCE & ENGINEERING., Navrachana University, Vadodara",Yes,,Unknown,Unknown,,Official website URL missing in record
"SCHOOL OF TECHNOLOGY, GSFC UNIVERSITY,  VADODARA",Yes,,Unknown,Unknown,,Official website URL missing in record
"SCHOOL OF TECHNOLOGY, GSFC UNIVERSITY, VADODARA",Yes,,Unknown,Unknown,,Official website URL missing in record
"SHANKERSINH VAGHELA BAPU INSTITUTE OF TECH., UNAVA, GANDHINAGAR",Yes,,Unknown,Unknown,,Official website URL missing in record
"SHANTILAL SHAH ENGINEERING COLLEGE ,BHAVNAGAR",Yes,,Unknown,Unknown,,Official website URL missing in record
"SHGEC, Amreli",No,,Unknown,Unknown,,Official website URL missing in record
"SHREE DHANVANTARY COLLEGE OF ENGINEERING & TECHNOLOGY, KIM",Yes,,Unknown,Unknown,,Official website URL missing in record
"SHREE PANDIT NATHULALJI VYAS TECHNICAL CAMPUS, SURENDRANAGAR",No,,Unknown,Unknown,,Official website URL missing in record
"SHREE PAREKH ENGINEEIRNG COLLEGE, MAHUVA",Yes,,Unknown,Unknown,,Official website URL missing in record
"SHREE SWAMINARAYAN INSTITUTE OF TECHNOLOGY, BHAT, GANDHINAGAR",Yes,,Unknown,Unknown,,Official website URL missing in record
"SHRI LABHUBHAI TRIVEDI INSTITUTE OF ENGINEERING AND TECHNOLOGY, RAJKOT",Yes,,Unknown,Unknown,,Official website URL missing in record
"SHRI SADVIDHYA MANDAL INSTITUTE OF TECH., BHARUCH",Yes,,Unknown,Unknown,,Official website URL missing in record
"SHRI SITARAM N PATEL INST. OF TECH. & RES. (SNPIT), BARDOLI, UMRAKH (VIDHYABHARTI TRUST)",No,,Unknown,Unknown,,Official website URL missing in record
"SHRI SWAMI ATMANAND SARASWATI INSTITUTE OF TECH., SURAT",Yes,,Unknown,Unknown,,Official website URL missing in record
"SHROFF S.R.ROTARY INST. OF CHEMICAL TECHNOLOGY, VATATIA,BHARUCH",Yes,,Unknown,Unknown,,Official website URL missing in record
"SIGMA INSTITUTE OF ENGG., BAKROL",Yes,,Unknown,Unknown,,Official website URL missing in record
"SILVER OAK COLLEGE OF ENGG., & TECH. (WITHIN AMHEDABAD MUNICIPAL CORPORATION LIMIT), AHMEDABAD",Yes,,Unknown,Unknown,,Official website URL missing in record
"SKPCE, Visnagar",No,,Unknown,Unknown,,Official website URL missing in record
"SMT. S.R. PATEL ENGG. COLLEGE, DABHI, UNJHA",Yes,,Unknown,Unknown,,Official website URL missing in record
SMT. SHANTABEN HARIBHAI GAJERA ENGINEERING COLLEGE  Amreli,Yes,,Unknown,Unknown,,Official website URL missing in record
"SPCE, Bakrol",No,,Unknown,Unknown,,Official website URL missing in record
"SPEC, Linch",No,,Unknown,Unknown,,Official website URL missing in record
"SRCE, Rajkot",No,,Unknown,Unknown,,Official website URL missing in record
"SRPATEL, Dabhi",No,,Unknown,Unknown,,Official website URL missing in record
"SSASIT, Surat",No,,Unknown,Unknown,,Official website URL missing in record
"SSEC, Bhavnagar",No,,Unknown,Unknown,,Official website URL missing in record
"SSIT, Bhat",No,,Unknown,Unknown,,Official website URL missing in record
"SSMIT, Bharuch",No,,Unknown,Unknown,,Official website URL missing in record
"SSNPITR, Umrakh",No,,Unknown,Unknown,,Official website URL missing in record
"SVBIT, Unava",No,,Unknown,Unknown,,Official website URL missing in record
"SVIT, Vasad",No,,Unknown,Unknown,,Official website URL missing in record
"SVMIT, Bharuch",No,,Unknown,Unknown,,Official website URL missing in record
"SWAMINARAYAN COLLEGE OF ENGG. & TECH., KALOL",Yes,,Unknown,Unknown,,Official website URL missing in record
SWARRNIM INSTITUTE OF TECHNOLOGY,Yes,,Unknown,Unknown,,Official website URL missing in record
"Sal College Of Engineering , Ahmedabad",Yes,,Unknown,Unknown,,Official website URL missing in record
"Sal Engineering &Technical Institute, Sola, Ahmedabad",Yes,,Unknown,Unknown,,Official website URL missing in record
"Sal Institute Of Tech. & Engg. Research, Ahmedabad",Yes,,Unknown,Unknown,,Official website URL missing in record
"SalETI, Ahmedabad",No,,Unknown,Unknown,,Official website URL missing in record
"Sankalchand  Patel College Of  Engg.,  Visnagar",Yes,,Unknown,Unknown,,Official website URL missing in record
"Sardar Patel College Of Engineering, Bakrol Anand",Yes,,Unknown,Unknown,,Official website URL missing in record
"Sardar Vallabhbhai Patel Institute Of Tech., Vasad",Yes,,Unknown,Unknown,,Official website URL missing in record
"Sardar Vallabhbhai Patel Institute Of Tech.,Vasad",Yes,,Unknown,Unknown,,Official website URL missing in record
"Sarvajanik College Of Engg. & Tech. , Surat",Yes,,Unknown,Unknown,,Official website URL missing in record
"Satsangi, Vadasma",No,,Unknown,Unknown,,Official website URL missing in record
"School Of Science & Engineering., Navrachana University, Vadodara",Yes,,Unknown,Unknown,,Official website URL missing in record
"School Of Technology, GSFC University, Vadodara",Yes,,Unknown,Unknown,,Official website URL missing in record
"School of Engineering and Applied Science, Ahmedabad University, Ahmedabad",Yes,,Unknown,Unknown,,Official website URL missing in record
"School of Engineering, Indrashil University, Kadi",Yes,,Unknown,Unknown,,Official website URL missing in record
"School of Engineering, Plastindia International University, Vapi",Yes,https://www.piuvapi.ac.in,Unknown,Unknown,https://www.piuvapi.ac.in,Could not verify automatically from official website
"Shankersinh Vaghela Bapu Institute Of Tech., Unava, Gandhinagar",Yes,,Unknown,Unknown,,Official website URL missing in record
"Shantilal Shah Engineering College ,Bhavnagar",Yes,,Unknown,Unknown,,Official website URL missing in record
"Shantilal Shah Engineering College, Bhavnagar",Yes,,Unknown,Unknown,,Official website URL missing in record
"Shree Parekh Engineeirng College, Mahuva",Yes,,Unknown,Unknown,,Official website URL missing in record
"Shree Swaminarayan Institute Of Technology, Bhat, Gandhinagar",Yes,,Unknown,Unknown,,Official website URL missing in record
"Shri J M Sabva Institute Of Engineering And Technology, Botad",Yes,,Unknown,Unknown,,Official website URL missing in record
"Shri Labhubhai Trivedi Institute Of Engineering And Technology, Rajkot",Yes,,Unknown,Unknown,,Official website URL missing in record
"Shri Sadvidhya Mandal Institute Of Tech., Bharuch",Yes,,Unknown,Unknown,,Official website URL missing in record
"Shri Satsangi Saketdham `Ram Ashram` Group Of Institutions, Vadasma",No,,Unknown,Unknown,,Official website URL missing in record
"Shri Sitaram N Patel Inst. Of Tech. & Res. (Vidhyabharti Trust), Umrakh",No,,Unknown,Unknown,,Official website URL missing in record
"Shri Swami Atmanand Saraswati Institute Of Tech., Surat",Yes,,Unknown,Unknown,,Official website URL missing in record
"Shroff S.R.Rotary Inst. Of Chemical Technology, Vatatia,Bharuch",Yes,,Unknown,Unknown,,Official website URL missing in record
"Shroff, Bharuch",No,,Unknown,Unknown,,Official website URL missing in record
"Sigma Institute Of Engg., Bakrol",Yes,,Unknown,Unknown,,Official website URL missing in record
"Sigma Uni. Bakrol, Vadodara",No,,Unknown,Unknown,,Official website URL missing in record
"Sigma, Bakrol",No,,Unknown,Unknown,,Official website URL missing in record
"Silver Oak College Of Engg., & Tech. (WITHIN AMHEDABAD MUNICIPAL CORPORATION LIMIT), Ahmedabad",Yes,,Unknown,Unknown,,Official website URL missing in record
"Silver Oak College Of Engg., & Tech. (Within Amhedabad Municipal Corporation Limit), Ahmedabad",Yes,,Unknown,Unknown,,Official website URL missing in record
"Silver Oak, Ahmedabad",No,,Unknown,Unknown,,Official website URL missing in record
"Smt. S.R. Patel Engg. College, Dabhi, Unjha",Yes,,Unknown,Unknown,,Official website URL missing in record
"Subhash, Junagadh",No,,Unknown,Unknown,,Official website URL missing in record
"Swaminarayan College Of Engg. & Tech., Kalol",Yes,,Unknown,Unknown,,Official website URL missing in record
Swarrnim Institute of Technology,Yes,,Unknown,Unknown,,Official website URL missing in record
"Swarrnim, Bhoyan",No,,Unknown,Unknown,,Official website URL missing in record
"Tatva, Modasa",No,,Unknown,Unknown,,Official website URL missing in record
"UNITEDWORLD INSTITUTE OF TECHNOLOGY, UVARSAD, GANDHINAGAR",Yes,,Unknown,Unknown,,Official website URL missing in record
"Unitedworld School of Computational Intelligence, Uvarsad, Gandhinagar",No,,Unknown,Unknown,,Official website URL missing in record
"Unitedworld, Uvarsad",No,https://unitedworld.edu.in,Unknown,Unknown,https://unitedworld.edu.in,No clear hostel evidence found on official website
"V.V.P. ENGINEERING COLLEGE, RAJKOT",Yes,,Unknown,Unknown,,Official website URL missing in record
"V.V.P. Engineering College, Rajkot",Yes,https://www.vveec.ac.in,Unknown,Unknown,https://www.vveec.ac.in,Could not verify automatically from official website
"VADODARA INSTITUTE OF ENGINEERING, KOTAMBI, WAGHODIYA, VADODARA",Yes,,Unknown,Unknown,,Official website URL missing in record
"VEERAYATAN INSTITUTE OF ENGINEERING TECHNOLOGY & RESEARCH., Mandvi",Yes,,Unknown,Unknown,,Official website URL missing in record
"VEERAYATAN INSTITUTE OF ENGINEERING, MANDVI",Yes,,Unknown,Unknown,,Official website URL missing in record
"VGEC, Ahmedabad",No,https://vgecg.ac.in,Unknown,Unknown,https://vgecg.ac.in,Hostel mentioned on official website but gender-specific detail not found
"VIDHYADEEP INSTITUTE OF  ENGINEERING & TECHNOLOGY, ANITA(KIM), SURAT",Yes,,Unknown,Unknown,,Official website URL missing in record
"VIDUSH SOMANY INSTITUTE OF TECH. & RES., KADI",Yes,,Unknown,Unknown,,Official website URL missing in record
"VIE, Kotambi",No,https://www.vierct.ac.in,Unknown,Unknown,https://www.vierct.ac.in,Could not verify automatically from official website
"VISHWAKARMA GOVERNMENT ENGINEERING COLLEGE, CHANDKHEDA,GANDHINAGAR",Yes,https://vgecg.ac.in,Unknown,Unknown,https://vgecg.ac.in,Hostel mentioned on official website but gender-specific detail not found
"VRGCET, Porbandar",No,,Unknown,Unknown,,Official website URL missing in record
"VSITR, Kadi",No,,Unknown,Unknown,,Official website URL missing in record
"VVP, Rajkot",No,https://www.vveec.ac.in,Unknown,Unknown,https://www.vveec.ac.in,Could not verify automatically from official website
"Vadodara Institute of Engineering, Kotambi, Waghodiya, Vadodara",Yes,,Unknown,Unknown,,Official website URL missing in record
"Veerayatan,  Mandvi",No,,Unknown,Unknown,,Official website URL missing in record
"Vidhyadeep Institute of  Engineering & Technology, Anita(Kim), Surat",Yes,,Unknown,Unknown,,Official website URL missing in record
"Vidhyadeep, Kim",No,,Unknown,Unknown,,Official website URL missing in record
"Vidush Somany Institute Of Tech. & Res., Kadi",Yes,,Unknown,Unknown,,Official website URL missing in record
"Vishwakarma Government Engineering College, Chandkheda, Gandhinagar",Yes,,Unknown,Unknown,,Official website URL missing in record
"Vishwakarma Government Engineering College, Chandkheda,Gandhinagar",Yes,https://vgecg.ac.in,Unknown,Unknown,https://vgecg.ac.in,Hostel mentioned on official website but gender-specific detail not found
